{
 "analysis":{
   "info":"aBSREL (Adaptive branch-site random effects likelihood) uses an adaptive random effects branch-site model framework to test whether each branch has evolved under positive selection, using a procedure which infers an optimal number of rate categories per branch.",
   "version":"2.0",
   "citation":"Less Is More: An Adaptive Branch-Site Random Effects Model for Efficient Detection of Episodic Diversifying Selection (2015). Mol Biol Evol 32 (5): 1342-1353",
   "authors":"Sergei L Kosakovsky Pond, Ben Murrell, Steven Weaver and Temple iGEM / UCSD viral evolution group",
   "contact":"spond@temple.edu",
   "requirements":"in-frame codon alignment and a phylogenetic tree (optionally annotated with {})"
  },
 "input":{
   "file name":"/home/sjspielman/Dropbox/simulate_for_stephen/CURRENT/input_data/dat_plain.dat",
   "number of sequences":12,
   "number of sites":20,
   "partition count":1,
   "trees":{
     "0":"(t1:0.140821,(((t4:0.0918075,t9:0.0712801)Node5:0.131355,(t10:0.416582,t7:0.0476408)Node8:0.0883192)Node4:0.637702,(t3:0.698741,t12:0.0835068)Node11:0.0469205)Node3:0.0741876,(((t5:0.0865238,t8:0.0535977)Node16:0.10328,t6:0.0885736)Node15:0.250248,(t2:0.0743222,t11:0.183571)Node20:0.644012)Node14:0.438272)"
    }
  },
 "fits":{
   "Nucleotide GTR":{
     "Log Likelihood":-453.1385313124892,
     "estimated parameters":29,
     "AIC-c":972.5627769106927,
     "Equilibrium frequencies":[
      [0.2180555555555556],
      [0.2069444444444445],
      [0.2750000000000001],
      [0.3]
      ],
     "Rate Distributions":{
       "Substitution rate from nucleotide A to nucleotide C":1.771557162117446,
       "Substitution rate from nucleotide A to nucleotide G":1,
       "Substitution rate from nucleotide A to nucleotide T":1.579589655486383,
       "Substitution rate from nucleotide C to nucleotide G":1.593671766964171,
       "Substitution rate from nucleotide C to nucleotide T":1.457085429895602,
       "Substitution rate from nucleotide G to nucleotide T":1.407624070134918
      },
     "display order":0
    },
   "Baseline MG94xREV":{
     "Log Likelihood":-431.7305592644544,
     "estimated parameters":56,
     "AIC-c":1010.346364430548,
     "Equilibrium frequencies":[
      [0.01199281477830417],
      [0.008479264967831848],
      [0.005583903560001121],
      [0.01106507962026458],
      [0.007316457822260476],
      [0.005172946105458404],
      [0.003406572655005624],
      [0.006750474333021214],
      [0.01814988198041528],
      [0.01283248856016932],
      [0.008450659205325606],
      [0.01674585098862827],
      [0.01503899109487084],
      [0.01063299923325467],
      [0.007002215698802699],
      [0.0138756111012603],
      [0.01660493973572872],
      [0.01174016995983598],
      [0.007731327784005909],
      [0.01532042174101803],
      [0.01013017739900552],
      [0.007162326770250972],
      [0.00471665198599427],
      [0.009346531365612483],
      [0.02512985500623237],
      [0.01776753023706505],
      [0.01170056316432622],
      [0.02318587017559067],
      [0.02082259631560848],
      [0.01472217446380088],
      [0.009695085919740489],
      [0.01921181060426715],
      [0.02521693163629244],
      [0.01782909591888655],
      [0.01174110639905248],
      [0.02326621076806127],
      [0.01538409623881879],
      [0.01087699849542873],
      [0.007162898063826109],
      [0.01419401974558081],
      [0.03816321202049171],
      [0.02698248849225139],
      [0.01776894744074705],
      [0.03521099819999814],
      [0.03162203513759215],
      [0.02235768830840292],
      [0.01472334875868479],
      [0.02917583094714806],
      [0.01811572047290772],
      [0.02364024360267594],
      [0.01563141442834062],
      [0.01105185956842002],
      [0.007278050423339101],
      [0.01442220599786493],
      [0.02741626504298946],
      [0.01805460503431211],
      [0.03577705812258927],
      [0.0321303980831834],
      [0.02271711553171781],
      [0.01496004462317817],
      [0.0296448681642604]
      ],
     "Rate Distributions":{
       "Per-branch omega":{
         "Mean":714285715.2178631,
         "Median":0.6868187444722127,
         "2.5%":0,
         "97.5%":3.921475959531533
        }
      },
     "display order":1
    },
   "Full adaptive model":{
     "Log Likelihood":-431.5502908180472,
     "estimated parameters":56,
     "AIC-c":1009.985827537734,
     "Rate Distributions":{
      },
     "display order":2
    }
  },
 "timers":{
   "Overall":{
     "timer":115,
     "order":0
    },
   "Preliminary model fitting":{
     "timer":0,
     "order":1
    },
   "Baseline model fitting":{
     "timer":5,
     "order":2
    },
   "Complexity analysis":{
     "timer":80,
     "order":3
    },
   "Full adaptive model fitting":{
     "timer":6,
     "order":4
    },
   "Testing for selection":{
     "timer":24,
     "order":5
    }
  },
 "test results":{
   "P-value threshold":0.05,
   "tested":12,
   "positive test results":0
  },
 "tested":{
   "0":{
     "t1":"test",
     "t4":"test",
     "t9":"test",
     "Node5":"background",
     "t10":"test",
     "t7":"test",
     "Node8":"background",
     "Node4":"background",
     "t3":"test",
     "t12":"test",
     "Node11":"background",
     "Node3":"background",
     "t5":"test",
     "t8":"test",
     "Node16":"background",
     "t6":"test",
     "Node15":"background",
     "t2":"test",
     "t11":"test",
     "Node20":"background",
     "Node14":"background"
    }
  },
 "data partitions":{
   "0":{
     "name":"absrel.filter.default",
     "coverage":[
      [0, 1, 2, 3, 4, 5, 6, 7, 8, 9, 10, 11, 12, 13, 14, 15, 16, 17, 18, 19]
      ]
    }
  },
 "branch attributes":{
   "0":{
     "t8":{
       "original name":"t8",
       "Nucleotide GTR":0.01735953113524751,
       "Baseline MG94xREV":0.01790784206033824,
       "Baseline MG94xREV omega ratio":10000000000,
       "Rate classes":1,
       "Full adaptive model":0.01772422497288549,
       "Rate Distributions":[
        [10000000000, 1]
        ],
       "LRT":0.6627985709079667,
       "Uncorrected P-value":0.2984902727670943,
       "Corrected P-value":1
      },
     "t9":{
       "original name":"t9",
       "Nucleotide GTR":0.01689860863740683,
       "Baseline MG94xREV":0.01621643903265055,
       "Baseline MG94xREV omega ratio":0,
       "Rate classes":1,
       "Full adaptive model":0.016452077402877,
       "Rate Distributions":[
        [0, 1]
        ],
       "LRT":0,
       "Uncorrected P-value":1,
       "Corrected P-value":1
      },
     "t6":{
       "original name":"t6",
       "Nucleotide GTR":0.03610423942005014,
       "Baseline MG94xREV":0.03226594906658688,
       "Baseline MG94xREV omega ratio":0,
       "Rate classes":1,
       "Full adaptive model":0.03232975493228794,
       "Rate Distributions":[
        [0, 1]
        ],
       "LRT":0,
       "Uncorrected P-value":1,
       "Corrected P-value":1
      },
     "t7":{
       "original name":"t7",
       "Nucleotide GTR":0,
       "Baseline MG94xREV":0,
       "Baseline MG94xREV omega ratio":1,
       "Rate classes":1,
       "Full adaptive model":0,
       "Rate Distributions":[
        [1, 1]
        ],
       "LRT":0,
       "Uncorrected P-value":1,
       "Corrected P-value":1
      },
     "t4":{
       "original name":"t4",
       "Nucleotide GTR":0.03524188716141101,
       "Baseline MG94xREV":0.03572932633082119,
       "Baseline MG94xREV omega ratio":0,
       "Rate classes":1,
       "Full adaptive model":0.03585759830975287,
       "Rate Distributions":[
        [0, 1]
        ],
       "LRT":0,
       "Uncorrected P-value":1,
       "Corrected P-value":1
      },
     "t5":{
       "original name":"t5",
       "Nucleotide GTR":0.0525821193514267,
       "Baseline MG94xREV":0.0515019623381717,
       "Baseline MG94xREV omega ratio":0.8432713611537047,
       "Rate classes":1,
       "Full adaptive model":0.05117517414117501,
       "Rate Distributions":[
        [0.782477799257441, 1]
        ],