{
 "input":{
   "file name":"/home/sjspielman/Dropbox/simulate_for_stephen/CURRENT/input_data/dat_labeled.dat",
   "number of sequences":12,
   "number of sites":20,
   "partition count":1,
   "trees":{
     "0":"(t1:0.140821,(((t4:0.0918075,t9:0.0712801)Node5:0.131355,(t10:0.416582,t7:0.0476408)Node8:0.0883192)Node4:0.637702,(t3:0.698741,t12:0.0835068)Node11:0.0469205)Node3:0.0741876,(((t5:0.0865238,t8:0.0535977)Node16:0.10328,t6:0.0885736)Node15:0.250248,(t2:0.0743222,t11:0.183571)Node20:0.644012)Node14:0.438272)"
    }
  },
 "fits":{
   "Nucleotide GTR":{
     "Log Likelihood":-453.1385313124892,
     "estimated parameters":29,
     "AIC-c":972.5627769106927,
     "Equilibrium frequencies":[
      [0.2180555555555556],
      [0.2069444444444445],
      [0.2750000000000001],
      [0.3]
      ],
     "Rate Distributions":{
       "Substitution rate from nucleotide A to nucleotide C":1.771557162117446,
       "Substitution rate from nucleotide A to nucleotide G":1,
       "Substitution rate from nucleotide A to nucleotide T":1.579589655486383,
       "Substitution rate from nucleotide C to nucleotide G":1.593671766964171,
       "Substitution rate from nucleotide C to nucleotide T":1.457085429895602,
       "Substitution rate from nucleotide G to nucleotide T":1.407624070134918
      },
     "display order":0
    },
   "MG94xREV with separate rates for branch sets":{
     "Log Likelihood":-445.6010903947034,
     "estimated parameters":37,
     "AIC-c":891.2021807894068,
     "Equilibrium frequencies":[
      [0.01199281477830417],
      [0.008479264967831848],
      [0.005583903560001121],
      [0.01106507962026458],
      [0.007316457822260476],
      [0.005172946105458404],
      [0.003406572655005624],
      [0.006750474333021214],
      [0.01814988198041528],
      [0.01283248856016932],
      [0.008450659205325606],
      [0.01674585098862827],
      [0.01503899109487084],
      [0.01063299923325467],
      [0.007002215698802699],
      [0.0138756111012603],
      [0.01660493973572872],
      [0.01174016995983598],
      [0.007731327784005909],
      [0.01532042174101803],
      [0.01013017739900552],
      [0.007162326770250972],
      [0.00471665198599427],
      [0.009346531365612483],
      [0.02512985500623237],
      [0.01776753023706505],
      [0.01170056316432622],
      [0.02318587017559067],
      [0.02082259631560848],
      [0.01472217446380088],
      [0.009695085919740489],
      [0.01921181060426715],
      [0.02521693163629244],
      [0.01782909591888655],
      [0.01174110639905248],
      [0.02326621076806127],
      [0.01538409623881879],
      [0.01087699849542873],
      [0.007162898063826109],
      [0.01419401974558081],
      [0.03816321202049171],
      [0.02698248849225139],
      [0.01776894744074705],
      [0.03521099819999814],
      [0.03162203513759215],
      [0.02235768830840292],
      [0.01472334875868479],
      [0.02917583094714806],
      [0.01811572047290772],
      [0.02364024360267594],
      [0.01563141442834062],
      [0.01105185956842002],
      [0.007278050423339101],
      [0.01442220599786493],
      [0.02741626504298946],
      [0.01805460503431211],
      [0.03577705812258927],
      [0.0321303980831834],
      [0.02271711553171781],
      [0.01496004462317817],
      [0.0296448681642604]
      ],
     "Rate Distributions":{
       "non-synonymous/synonymous rate ratio for *Reference*":[
        [0.7476344783232284, 1]
        ],
       "non-synonymous/synonymous rate ratio for *Test*":[
        [0.7820186418506964, 1]
        ]
      },
     "display order":1
    },
   "General descriptive":{
     "Log Likelihood":-436.1873502063368,
     "estimated parameters":60,
     "AIC-c":1033.268555161277,
     "Rate Distributions":{
       "Shared":{
         "0":{
           "omega":0.5044077626738405,
           "proportion":1
          },
         "1":{
           "omega":1,
           "proportion":0
          },
         "2":{
           "omega":1.085268845489504,
           "proportion":0
          }
        }
      },
     "display order":4
    },
   "RELAX alternative":{
     "Log Likelihood":-445.6007535133566,
     "estimated parameters":41,
     "AIC-c":990.5954464206526,
     "Rate Distributions":{
       "Test":{
         "0":{
           "omega":0.783066434354305,
           "proportion":1
          },
         "1":{
           "omega":0.8562096743700489,
           "proportion":0
          },
         "2":{
           "omega":1.000998583931697,
           "proportion":0
          }
        },
       "Reference":{
         "0":{
           "omega":0.7516787098289601,
           "proportion":1
          },
         "1":{
           "omega":0.8342601636771392,
           "proportion":0
          },
         "2":{
           "omega":1.00116573369638,
           "proportion":0
          }
        }
      },
     "display order":2
    },
   "RELAX null":{
     "Log Likelihood":-445.6030746771497,
     "estimated parameters":40,
     "AIC-c":987.6885614146009,
     "Rate Distributions":{
       "Test":{
         "0":{
           "omega":0.7568653478098151,
           "proportion":1
          },
         "1":{
           "omega":0.8350944238408163,
           "proportion":0
          },
         "2":{
           "omega":1.040840588681286,
           "proportion":0
          }
        },
       "Reference":{
         "0":{
           "omega":0.7568653478098151,
           "proportion":1
          },
         "1":{
           "omega":0.8350944238408163,
           "proportion":0
          },
         "2":{
           "omega":1.040840588681286,
           "proportion":0
          }
        }
      },
     "display order":3
    },
   "RELAX partitioned descriptive":{
     "Log Likelihood":-445.6002237006074,
     "estimated parameters":44,
     "AIC-c":999.508139708907,
     "Rate Distributions":{
       "Test":{
         "0":{
           "omega":0.7833486750256418,
           "proportion":1
          },
         "1":{
           "omega":0.8350944238408163,
           "proportion":0
          },
         "2":{
           "omega":1.045099963403979,
           "proportion":0
          }
        },
       "Reference":{
         "0":{
           "omega":0.7518676218529525,
           "proportion":1
          },
         "1":{
           "omega":0.8350944238408163,
           "proportion":0
          },
         "2":{
           "omega":1.045099963403979,
           "proportion":0
          }
        }
      },
     "display order":5
    }
  },
 "timers":{
   "Overall":{
     "timer":511,
     "order":0
    },
   "Preliminary model fitting":{
     "timer":69,
     "order":1
    },
   "General descriptive model fitting":{
     "timer":259,
     "order":2
    },
   "RELAX alternative model fitting":{
     "timer":147,
     "order":3
    },
   "RELAX null model fitting":{
     "timer":14,
     "order":4
    },
   "RELAX partitioned descriptive":{
     "timer":20,
     "order":5
    }
  },
 "test results":{
   "LRT":0.004642327586225292,
   "p-value":0.9456784649285446,
   "relaxation or intensification parameter":0.8566856389476586
  },
 "tested":{
   "0":{
     "t1":"Reference",
     "t4":"Test",
     "t9":"Test",
     "Node5":"Test",
     "t10":"Test",
     "t7":"Test",
     "Node8":"Test",
     "Node4":"Reference",
     "t3":"Reference",
     "t12":"Reference",
     "Node11":"Reference",
     "Node3":"Reference",
     "t5":"Reference",
     "t8":"Reference",
     "Node16":"Reference",
     "t6":"Reference",
     "Node15":"Reference",
     "t2":"Reference",
     "t11":"Reference",
     "Node20":"Reference",
     "Node14":"Reference"
    }
  },
 "data partitions":{
   "0":{
     "name":"relax.filter.default",
     "coverage":[
      [0, 1, 2, 3, 4, 5, 6, 7, 8, 9, 10, 11, 12, 13, 14, 15, 16, 17, 18, 19]
      ]
    }
  },
 "branch attributes":{
   "0":{
     "t8":{
       "original name":"t8",
       "Nucleotide GTR":0.01735953113524751,